burger1,JMT �����̴�. ���� �Դٰ� �� �� �׾ ���� ���� ���� ������ ����.,2200
burger2,JMT �����̴�. ���� �Դٰ� �� �� �׾ ���� ���� ���� ������ ����.,2200
burger3,JMT �����̴�. ���� �Դٰ� �� �� �׾ ���� ���� ���� ������ ����.,2200
burger4,JMT �����̴�. ���� �Դٰ� �� �� �׾ ���� ���� ���� ������ ����.,2200
burger5,JMT �����̴�. ���� �Դٰ� �� �� �׾ ���� ���� ���� ������ ����.,2200
burger6,JMT �����̴�. ���� �Դٰ� �� �� �׾ ���� ���� ���� ������ ����.,3400
burger7,JMT �����̴�. ���� �Դٰ� �� �� �׾ ���� ���� ���� ������ ����.,3400
burger8,JMT �����̴�. ���� �Դٰ� �� �� �׾ ���� ���� ���� ������ ����.,3400
burger9,JMT �����̴�. ���� �Դٰ� �� �� �׾ ���� ���� ���� ������ ����.,3400
burger10,JMT �����̴�. ���� �Դٰ� �� �� �׾ ���� ���� ���� ������ ����.,3400
burger11,JMT �����̴�. ���� �Դٰ� �� �� �׾ ���� ���� ���� ������ ����.,2200
burger12,JMT �����̴�. ���� �Դٰ� �� �� �׾ ���� ���� ���� ������ ����.,2200
burger13,JMT �����̴�. ���� �Դٰ� �� �� �׾ ���� ���� ���� ������ ����.,5500
burger14,JMT �����̴�. ���� �Դٰ� �� �� �׾ ���� ���� ���� ������ ����.,5500
burger15,JMT �����̴�. ���� �Դٰ� �� �� �׾ ���� ���� ���� ������ ����.,5500
